model,accuracy_mean,accuracy_std,precision_macro_mean,precision_macro_std,recall_macro_mean,recall_macro_std,f1_macro_mean,f1_macro_std
MultinomialNB,0.8107909090909091,0.005013996937499681,0.8122503579507395,0.005123622101635723,0.8107315684022423,0.005005288183207254,0.8105493033544195,0.005012349436596543
DecisionTree,0.6910967230443974,0.015178339561012619,0.720299352518273,0.013402508986756937,0.6914175119573215,0.015117177751380145,0.6805782103163481,0.017590477504408262
