model,accuracy,precision_macro,recall_macro,f1_macro
MultinomialNB,0.8138633058652448,0.8151653332527873,0.8138163892517787,0.8136548482219642
DecisionTree,0.6761997091614154,0.7224114860864417,0.6765303245331253,0.6587110067659266
